AgentID,AgentName,ExperienceYears,BranchID,PerformanceRating
1,Ritu Bansal,16,53,2.6
2,Anita Thakur,8,29,4.8
3,Naveen Choudhury,7,60,3.2
4,Vandana Jain,10,46,4.2
5,Yogesh Pillai,18,40,1.9
6,Sanjay Rastogi,8,55,2.7
7,Divya Saxena,28,31,3.8
8,Sunil Rao,15,44,3.3
9,Lakshmi Gupta,26,18,3.8
10,Meena Yadav,21,58,3.1
11,Vandana Malhotra,11,38,2.2
12,Shweta Tiwari,7,47,2.9
13,Suman Nair,23,28,4.4
14,Prakash Verma,10,53,3.4
15,Gaurav Thakur,8,5,3.2
16,Rekha Sinha,28,7,2.7
17,Kiran Malhotra,15,31,4.4
18,Ajay Nair,2,44,3.5
19,Nikhil Menon,15,49,3.4
20,Rohit Chauhan,14,27,3.2
21,Rajesh Mishra,26,39,1.9
22,Anita Desai,22,34,3.2
23,Shweta Saxena,6,58,2.1
24,Ramesh Joshi,5,40,2.3
25,Ritu Patel,19,26,2.5
26,Mohit Sharma,2,59,2.6
27,Payal Chauhan,10,7,1.8
28,Meena Jain,5,60,1.7
29,Naveen Banerjee,1,10,2.9
30,Vikram Kumar,28,18,2.5
31,Ritu Pillai,3,50,2.5
32,Anita Shah,1,45,2.4
33,Kalpana Banerjee,28,59,3.6
34,Payal Desai,6,45,2.8
35,Manoj Bansal,25,39,3.4
36,Arun Agarwal,1,21,2.3
37,Sneha Rao,5,1,2.2
38,Yogesh Joshi,4,8,2.6
39,Sunil Chauhan,22,18,5
40,Preeti Jain,19,3,2.6
41,Divya Agarwal,15,31,3.3
42,Swati Reddy,8,47,3.2
43,Suresh Singh,3,58,1.9
44,Sarika Pillai,18,30,3.1
45,Kiran Das,7,53,3.4
46,Prakash Thakur,18,60,4.5
47,Rajesh Chopra,21,52,3.4
48,Nikhil Yadav,26,28,3.7
49,Harish Singh,15,20,3.7
50,Manoj Sinha,1,59,4
51,Nisha Thakur,9,15,3.8
52,Gaurav Sinha,26,25,4.6
53,Deepa Bhatt,16,5,3.1
54,Gaurav Mehta,19,48,4.5
55,Sunil Dubey,14,39,4.1
56,Varun Iyer,5,6,3.7
57,Mohit Chatterjee,27,14,3
58,Sunil Pandey,24,34,3.5
59,Nisha Bhatt,30,33,4.6
60,Deepak Yadav,26,49,4.2
61,Anita Yadav,9,16,2.9
62,Gaurav Agarwal,8,56,3.7
63,Sanjay Menon,8,27,3.3
64,Sandeep Patel,28,50,3.3
65,Sanjay Chatterjee,17,15,1.7
66,Arun Rastogi,14,3,3.3
67,Shweta Kapoor,30,4,3.5
68,Meena Sharma,19,23,1.7
69,Divya Menon,28,58,4.2
70,Sneha Singh,30,3,3.5
71,Nikhil Menon,3,23,2.5
72,Pooja Banerjee,11,7,4.8
73,Mohit Mehta,23,56,4.4
74,Rohit Das,25,41,1.9
75,Arun Sharma,5,46,4.5
76,Priya Tiwari,10,43,3.8
77,Deepak Banerjee,17,40,3.1
78,Sandeep Chauhan,24,47,3.5
79,Vikram Chauhan,4,1,1.7
80,Bhavna Shah,19,52,2.6
81,Aditya Dubey,9,45,2.5
82,Vikram Verma,7,45,3.3
83,Kalpana Malhotra,16,24,2.9
84,Shweta Saxena,13,49,3.4
85,Anil Sinha,20,23,3.9
86,Aditya Das,10,3,3.8
87,Pankaj Rastogi,25,55,1.5
88,Naveen Verma,3,15,3.4
89,Pankaj Choudhury,26,7,4.2
90,Anita Trivedi,1,38,4.2
91,Sunita Tiwari,23,15,4.1
92,Nisha Desai,11,52,2.6
93,Rekha Chauhan,12,27,2.8
94,Ramesh Singh,1,1,4.5
95,Anjali Mehta,22,58,1.7
96,Bhavna Rao,5,31,3.8
97,Vijay Mishra,20,16,3.7
98,Gaurav Nair,22,41,3.8
99,Vandana Pandey,26,32,2.9
100,Arun Desai,22,2,2.9
101,Swati Sinha,10,46,3.4
102,Shweta Patel,23,25,4.5
103,Sanjay Rao,25,42,1.6
104,Rahul Thakur,10,54,3.4
105,Arun Das,4,37,3.9
106,Suman Chatterjee,27,41,1.6
107,Yogesh Saxena,5,16,3.4
108,Anita Trivedi,18,15,1.5
109,Sunil Kumar,8,25,1.2
110,Anita Chopra,4,52,2.3
111,Suresh Menon,24,32,2.6
112,Swati Sinha,5,21,2.6
113,Harish Dubey,21,47,4.3
114,Karan Banerjee,21,52,5
115,Jyoti Kumar,2,55,4.3
116,Gaurav Agarwal,6,18,2.2
117,Pooja Chatterjee,24,43,4
118,Suman Saxena,16,36,4
119,Sandeep Jain,4,27,4.6
120,Sandeep Kumar,30,24,3
121,Deepa Jain,8,7,3.1
122,Manoj Ghosh,1,17,2.8
123,Kirti Pandey,28,33,3.5
124,Meena Agarwal,1,54,2.4
125,Kiran Bansal,17,52,3.4
126,Bhavna Pandey,30,12,2
127,Naveen Rao,18,41,2.5
128,Pankaj Trivedi,18,6,3.1
129,Bhavna Kumar,12,41,3
130,Prakash Chatterjee,4,21,3.7
131,Sanjay Saxena,18,27,4.5
132,Kiran Patel,27,44,2.5
133,Geeta Reddy,3,26,2.2
134,Karan Reddy,27,49,3.5
135,Rohit Sharma,13,33,3.7
136,Sanjay Reddy,17,60,2.1
137,Ravi Chatterjee,5,39,3.3
138,Aarti Chopra,19,18,4.7
139,Pankaj Das,6,47,3.2
140,Payal Pandey,9,25,3.9
141,Prakash Nair,22,33,2.6
142,Anil Rao,2,9,2.4
143,Bhavna Agarwal,14,8,2.5
144,Rahul Malhotra,18,35,2.5
145,Lakshmi Kumar,4,12,2.8
146,Kavita Gupta,9,60,3
147,Sarika Singh,11,52,2.3
148,Aarti Dubey,20,43,4.5
149,Swati Saxena,30,45,1.8
150,Manisha Yadav,26,36,4.6
151,Suman Patel,6,4,3.8
152,Swati Das,1,24,3.9
153,Jyoti Pillai,2,30,1.8
154,Nikhil Yadav,18,55,4.2
155,Amit Patel,5,14,3.1
156,Rajesh Agarwal,7,30,2.6
157,Manoj Malhotra,26,21,3.3
158,Gaurav Kapoor,27,9,3.3
159,Sanjay Thakur,26,7,5
160,Ajay Rastogi,8,22,2.4
161,Jyoti Menon,19,5,2.5
162,Sunil Ghosh,19,5,2.8
163,Nisha Chauhan,6,22,4.2
164,Kalpana Ghosh,17,13,1.8
165,Anita Joshi,16,34,3.9
166,Sneha Iyer,12,2,3.7
167,Preeti Pandey,23,19,4.2
168,Harish Mukherjee,21,28,3.6
169,Aditya Trivedi,16,58,3.9
170,Naveen Rastogi,22,39,4.4
171,Harish Sinha,23,53,2.7
172,Divya Chatterjee,18,21,2.1
173,Usha Jain,9,27,4.2
174,Anita Mehta,23,26,3.8
175,Sneha Singh,22,54,3.8
176,Neha Reddy,30,58,1.9
177,Priya Banerjee,5,58,4
178,Nikhil Das,13,46,2.3
179,Kirti Jain,28,31,4.5
180,Vikram Chatterjee,16,33,4.8
181,Jyoti Kumar,29,59,4.2
182,Varun Singh,1,18,2.9
183,Vandana Agarwal,2,21,2.7
184,Sunita Chauhan,24,54,2.3
185,Gaurav Tiwari,11,24,2.5
186,Ritu Mehta,16,15,3
187,Naveen Desai,13,34,4.5
188,Harish Patel,13,20,2.5
189,Kalpana Bansal,29,54,4.3
190,Suresh Trivedi,3,55,3.8
191,Bhavna Rastogi,24,19,2.2
192,Manisha Menon,27,32,3.7
193,Sandeep Choudhury,20,60,3.9
194,Jyoti Sinha,12,45,3
195,Arun Pandey,5,13,4.4
196,Kavita Kumar,21,36,4
197,Priya Thakur,15,38,3.5
198,Vijay Pillai,5,40,3.4
199,Divya Joshi,11,2,4.3
200,Deepak Bansal,29,18,2.5
201,Naveen Dubey,8,52,3
202,Kalpana Kumar,6,15,3.4
203,Sneha Tiwari,21,18,3.7
204,Ajay Mishra,6,20,2.1
205,Sandeep Choudhury,28,11,4
206,Pooja Chauhan,26,10,1.5
207,Nikhil Tiwari,30,21,3.8
208,Vikram Rao,28,53,1.8
209,Yogesh Jain,8,1,3.7
210,Rahul Dubey,7,17,3.2
211,Kirti Verma,11,4,4.2
212,Rajesh Gupta,15,34,2.8
213,Usha Saxena,27,16,4.6
214,Arun Mishra,23,48,4.1
215,Nikhil Saxena,20,36,2.5
216,Kavita Shah,27,48,2.9
217,Aarti Mishra,20,39,2.9
218,Sunil Iyer,12,27,3.2
219,Nikhil Das,13,52,2.3
220,Kalpana Yadav,16,29,4
221,Shweta Reddy,3,57,2.3
222,Sneha Nair,23,60,2.4
223,Vijay Bhatt,20,36,3
224,Suman Mukherjee,22,41,4.2
225,Vijay Mukherjee,17,16,2.5
226,Anil Tiwari,24,49,4.3
227,Divya Reddy,29,41,5
228,Ajay Nair,18,55,4
229,Geeta Pillai,14,17,3.3
230,Deepa Yadav,4,48,3.3
231,Shweta Patel,24,29,4
232,Kalpana Desai,28,12,5
233,Kalpana Thakur,21,11,3.7
234,Shweta Rastogi,26,34,4.2
235,Sunil Das,26,20,3.5
236,Kiran Pillai,24,7,4
237,Pankaj Patel,16,26,3
238,Vijay Desai,3,40,3.3
239,Ajay Mukherjee,1,20,2.3
240,Usha Agarwal,7,58,3.9
241,Yogesh Iyer,13,47,1.9
242,Manisha Desai,23,31,3.1
243,Arun Agarwal,14,57,2.1
244,Rajesh Rao,1,26,2.7
245,Rekha Banerjee,7,9,3.7
246,Kalpana Yadav,30,3,3.8
247,Manisha Desai,30,57,4.1
248,Rekha Ghosh,12,58,1.4
249,Naveen Yadav,25,45,1.7
250,Harish Das,22,7,3.2
251,Kalpana Tiwari,28,18,3.2
252,Jyoti Das,27,3,4.9
253,Meena Jain,19,4,2.5
254,Naveen Mishra,12,15,1.8
255,Amit Kumar,19,35,4.2
256,Ramesh Mishra,10,4,3
257,Vijay Joshi,11,60,2.9
258,Prakash Reddy,19,28,1.7
259,Amit Trivedi,18,16,4.8
260,Sunil Mishra,18,31,2.1
261,Divya Malhotra,12,48,2.1
262,Vikram Mukherjee,13,19,4.8
263,Naveen Malhotra,1,3,2.3
264,Anita Choudhury,19,4,2.7
265,Divya Desai,18,52,1.8
266,Pooja Bhatt,29,7,4.2
267,Kiran Yadav,16,39,3.5
268,Nikhil Iyer,15,24,3.3
269,Nisha Reddy,3,47,2.5
270,Ravi Mishra,6,4,2.5
271,Bhavna Banerjee,11,54,2
272,Aarti Choudhury,12,42,3.6
273,Naveen Bansal,11,27,4
274,Deepak Singh,12,13,3.2
275,Sneha Bansal,24,59,4
276,Kiran Reddy,4,19,2.8
277,Vikram Dubey,10,30,3.5
278,Aditya Rao,5,24,4.6
279,Sanjay Menon,10,14,2.6
280,Vandana Menon,21,25,2.1
281,Arun Rao,2,10,4.1
282,Jyoti Yadav,11,1,3.8
283,Divya Chauhan,1,18,4
284,Manisha Gupta,29,7,4.7
285,Gaurav Ghosh,22,25,1.6
286,Kiran Mishra,8,52,3
287,Naveen Shah,6,10,2.9
288,Anjali Das,3,1,2.8
289,Swati Chatterjee,15,7,3.5
290,Anjali Kapoor,23,31,4.6
291,Yogesh Ghosh,18,17,1.5
292,Rahul Chopra,27,30,3.9
293,Manisha Yadav,11,2,4
294,Rahul Kapoor,9,20,3.6
295,Vikram Sharma,15,25,3.5
296,Sarika Bansal,7,26,4.6
297,Rajesh Chatterjee,30,34,3.6
298,Ravi Joshi,6,47,1.3
299,Preeti Yadav,15,29,1.8
300,Aarti Mukherjee,16,51,3.7
